{"cameraMode":{"drawMode":0,"name":"Shaded","section":"Shading Mode"},"sceneLighting":true,"audioPlay":false,"sceneViewState":{"showFog":true,"showMaterialUpdate":true,"showSkybox":true,"showFlares":true,"showImageEffects":true,"showParticleSystems":true},"in2DMode":false,"pivot":{"x":5.924928188323975,"y":-1.1601240634918213,"z":-1.6193090677261353},"rotation":{"x":0.05272965133190155,"y":0.6941125988960266,"z":-0.0511091910302639,"w":0.716116189956665},"size":220.86618041992188,"orthographic":false}