{"cameraMode":{"drawMode":0,"name":"Shaded","section":"Shading Mode"},"sceneLighting":true,"audioPlay":false,"sceneViewState":{"showFog":true,"showMaterialUpdate":true,"showSkybox":true,"showFlares":true,"showImageEffects":true,"showParticleSystems":true},"in2DMode":false,"pivot":{"x":-3.0538547039031984,"y":-24.327091217041017,"z":-32.72597885131836},"rotation":{"x":-0.12614399194717408,"y":0.7406798601150513,"z":0.14513792097568513,"w":0.6437533497810364},"size":63.059879302978519,"orthographic":false}